position,sample,hand,measurement,interval,value
assis-proche,1,left,left,out_p,3
assis-proche,1,left,right,out_p,3.5
assis-proche,1,right,left,out_p,5
assis-proche,1,right,right,out_p,6
assis-proche,2,left,left,out_p,6
assis-proche,2,left,right,out_p,6
assis-proche,2,right,left,out_p,3
assis-proche,2,right,right,out_p,3
assis-proche,3,left,left,out_p,3
assis-proche,3,left,right,out_p,3
assis-proche,3,right,left,out_p,3
assis-proche,3,right,right,out_p,3
assis-proche,4,left,left,out_p,0
assis-proche,4,left,right,out_p,0
assis-proche,4,right,left,out_p,8
assis-proche,4,right,right,out_p,8
assis-loin,1,left,left,out_p,2
assis-loin,1,left,right,out_p,2
assis-loin,1,right,left,out_p,3.5
assis-loin,1,right,right,out_p,3
assis-loin,2,left,left,out_p,5
assis-loin,2,left,right,out_p,5
assis-loin,2,right,left,out_p,4
assis-loin,2,right,right,out_p,4
assis-loin,3,left,left,out_p,4
assis-loin,3,left,right,out_p,4
assis-loin,3,right,left,out_p,2
assis-loin,3,right,right,out_p,2
assis-loin,4,left,left,out_p,4
assis-loin,4,left,right,out_p,4
assis-loin,4,right,left,out_p,7
assis-loin,4,right,right,out_p,7
assis-focus,1,left,left,out_p,3
assis-focus,1,left,right,out_p,3.5
assis-focus,1,right,left,out_p,3
assis-focus,1,right,right,out_p,3
assis-focus,2,left,left,out_p,8
assis-focus,2,left,right,out_p,8
assis-focus,2,right,left,out_p,2
assis-focus,2,right,right,out_p,2
assis-focus,3,left,left,out_p,2
assis-focus,3,left,right,out_p,2
assis-focus,3,right,left,out_p,2
assis-focus,3,right,right,out_p,3
assis-focus,4,left,left,out_p,4
assis-focus,4,left,right,out_p,4
assis-focus,4,right,left,out_p,4
assis-focus,4,right,right,out_p,4
debout,1,left,left,out_p,2
debout,1,left,right,out_p,3
debout,1,right,left,out_p,0
debout,1,right,right,out_p,0
debout,2,left,left,out_p,5
debout,2,left,right,out_p,5
debout,2,right,left,out_p,3
debout,2,right,right,out_p,3
debout,3,left,left,out_p,3
debout,3,left,right,out_p,3
debout,3,right,left,out_p,3
debout,3,right,right,out_p,2
debout,4,left,left,out_p,3
debout,4,left,right,out_p,3.5
debout,4,right,left,out_p,4
debout,4,right,right,out_p,4
assis-proche,1,left,left,p_r,28
assis-proche,1,left,right,p_r,27.5
assis-proche,1,right,left,p_r,16
assis-proche,1,right,right,p_r,16.5
assis-proche,2,left,left,p_r,17
assis-proche,2,left,right,p_r,16.5
assis-proche,2,right,left,p_r,26.5
assis-proche,2,right,right,p_r,25.5
assis-proche,3,left,left,p_r,23
assis-proche,3,left,right,p_r,23
assis-proche,3,right,left,p_r,23
assis-proche,3,right,right,p_r,23
assis-proche,4,left,left,p_r,24
assis-proche,4,left,right,p_r,24
assis-proche,4,right,left,p_r,18
assis-proche,4,right,right,p_r,18
assis-loin,1,left,left,p_r,20.5
assis-loin,1,left,right,p_r,21.5
assis-loin,1,right,left,p_r,19
assis-loin,1,right,right,p_r,20.5
assis-loin,2,left,left,p_r,16
assis-loin,2,left,right,p_r,17
assis-loin,2,right,left,p_r,22
assis-loin,2,right,right,p_r,23
assis-loin,3,left,left,p_r,18
assis-loin,3,left,right,p_r,17
assis-loin,3,right,left,p_r,22.5
assis-loin,3,right,right,p_r,23
assis-loin,4,left,left,p_r,16
assis-loin,4,left,right,p_r,17
assis-loin,4,right,left,p_r,19
assis-loin,4,right,right,p_r,21
assis-focus,1,left,left,p_r,21
assis-focus,1,left,right,p_r,21
assis-focus,1,right,left,p_r,22
assis-focus,1,right,right,p_r,22
assis-focus,2,left,left,p_r,17.5
assis-focus,2,left,right,p_r,17
assis-focus,2,right,left,p_r,26
assis-focus,2,right,right,p_r,26.5
assis-focus,3,left,left,p_r,18
assis-focus,3,left,right,p_r,18
assis-focus,3,right,left,p_r,23
assis-focus,3,right,right,p_r,23
assis-focus,4,left,left,p_r,17.5
assis-focus,4,left,right,p_r,17
assis-focus,4,right,left,p_r,23.5
assis-focus,4,right,right,p_r,23
debout,1,left,left,p_r,17.5
debout,1,left,right,p_r,17.5
debout,1,right,left,p_r,20.5
debout,1,right,right,p_r,21.5
debout,2,left,left,p_r,19
debout,2,left,right,p_r,19
debout,2,right,left,p_r,22
debout,2,right,right,p_r,22.5
debout,3,left,left,p_r,24
debout,3,left,right,p_r,23
debout,3,right,left,p_r,15.5
debout,3,right,right,p_r,16
debout,4,left,left,p_r,21.5
debout,4,left,right,p_r,21
debout,4,right,left,p_r,18
debout,4,right,right,p_r,19.5
assis-proche,1,left,left,r_m,5
assis-proche,1,left,right,r_m,5
assis-proche,1,right,left,r_m,3.5
assis-proche,1,right,right,r_m,3
assis-proche,2,left,left,r_m,6
assis-proche,2,left,right,r_m,6
assis-proche,2,right,left,r_m,4
assis-proche,2,right,right,r_m,3.5
assis-proche,3,left,left,r_m,8
assis-proche,3,left,right,r_m,8
assis-proche,3,right,left,r_m,5
assis-proche,3,right,right,r_m,5
assis-proche,4,left,left,r_m,7
assis-proche,4,left,right,r_m,7.5
assis-proche,4,right,left,r_m,2.5
assis-proche,4,right,right,r_m,3
assis-loin,1,left,left,r_m,5
assis-loin,1,left,right,r_m,5
assis-loin,1,right,left,r_m,2
assis-loin,1,right,right,r_m,1.5
assis-loin,2,left,left,r_m,8
assis-loin,2,left,right,r_m,8
assis-loin,2,right,left,r_m,5
assis-loin,2,right,right,r_m,5
assis-loin,3,left,left,r_m,8
assis-loin,3,left,right,r_m,8
assis-loin,3,right,left,r_m,7
assis-loin,3,right,right,r_m,5
assis-loin,4,left,left,r_m,8
assis-loin,4,left,right,r_m,8
assis-loin,4,right,left,r_m,4
assis-loin,4,right,right,r_m,3
assis-focus,1,left,left,r_m,10
assis-focus,1,left,right,r_m,8.5
assis-focus,1,right,left,r_m,3
assis-focus,1,right,right,r_m,2.5
assis-focus,2,left,left,r_m,7.5
assis-focus,2,left,right,r_m,7
assis-focus,2,right,left,r_m,6.5
assis-focus,2,right,right,r_m,6
assis-focus,3,left,left,r_m,10
assis-focus,3,left,right,r_m,10
assis-focus,3,right,left,r_m,5
assis-focus,3,right,right,r_m,5
assis-focus,4,left,left,r_m,5
assis-focus,4,left,right,r_m,5
assis-focus,4,right,left,r_m,6
assis-focus,4,right,right,r_m,6
debout,1,left,left,r_m,8
debout,1,left,right,r_m,8
debout,1,right,left,r_m,5
debout,1,right,right,r_m,5
debout,2,left,left,r_m,8
debout,2,left,right,r_m,8
debout,2,right,left,r_m,5
debout,2,right,right,r_m,6
debout,3,left,left,r_m,4
debout,3,left,right,r_m,5.5
debout,3,right,left,r_m,4
debout,3,right,right,r_m,4
debout,4,left,left,r_m,6
debout,4,left,right,r_m,6
debout,4,right,left,r_m,7
debout,4,right,right,r_m,6
assis-proche,1,left,left,m_i,-6
assis-proche,1,left,right,m_i,-5.5
assis-proche,1,right,left,m_i,-5.5
assis-proche,1,right,right,m_i,-5
assis-proche,2,left,left,m_i,-7.5
assis-proche,2,left,right,m_i,-7.5
assis-proche,2,right,left,m_i,-5
assis-proche,2,right,right,m_i,-4.5
assis-proche,3,left,left,m_i,-8
assis-proche,3,left,right,m_i,-8
assis-proche,3,right,left,m_i,-6
assis-proche,3,right,right,m_i,-6
assis-proche,4,left,left,m_i,-7
assis-proche,4,left,right,m_i,-7.5
assis-proche,4,right,left,m_i,-1.5
assis-proche,4,right,right,m_i,-1.5
assis-loin,1,left,left,m_i,-7
assis-loin,1,left,right,m_i,-7.5
assis-loin,1,right,left,m_i,-5
assis-loin,1,right,right,m_i,-6
assis-loin,2,left,left,m_i,-11
assis-loin,2,left,right,m_i,-11
assis-loin,2,right,left,m_i,-8
assis-loin,2,right,right,m_i,-9
assis-loin,3,left,left,m_i,-10
assis-loin,3,left,right,m_i,-9
assis-loin,3,right,left,m_i,-9
assis-loin,3,right,right,m_i,-7
assis-loin,4,left,left,m_i,-6
assis-loin,4,left,right,m_i,-6
assis-loin,4,right,left,m_i,-9
assis-loin,4,right,right,m_i,-10
assis-focus,1,left,left,m_i,-8
assis-focus,1,left,right,m_i,-7.5
assis-focus,1,right,left,m_i,-6
assis-focus,1,right,right,m_i,-5.5
assis-focus,2,left,left,m_i,-5
assis-focus,2,left,right,m_i,-5
assis-focus,2,right,left,m_i,-8.5
assis-focus,2,right,right,m_i,-7.5
assis-focus,3,left,left,m_i,-8
assis-focus,3,left,right,m_i,-8
assis-focus,3,right,left,m_i,-8
assis-focus,3,right,right,m_i,-8
assis-focus,4,left,left,m_i,-8
assis-focus,4,left,right,m_i,-8
assis-focus,4,right,left,m_i,-6
assis-focus,4,right,right,m_i,-6
debout,1,left,left,m_i,-13
debout,1,left,right,m_i,-12.5
debout,1,right,left,m_i,-7
debout,1,right,right,m_i,-7
debout,2,left,left,m_i,-7
debout,2,left,right,m_i,-6
debout,2,right,left,m_i,-7
debout,2,right,right,m_i,-8.5
debout,3,left,left,m_i,-8
debout,3,left,right,m_i,-9.5
debout,3,right,left,m_i,-6
debout,3,right,right,m_i,-6
debout,4,left,left,m_i,-8
debout,4,left,right,m_i,-7
debout,4,right,left,m_i,-5
debout,4,right,right,m_i,-5
assis-proche,1,left,left,i_inn,-2
assis-proche,1,left,right,i_inn,-2
assis-proche,1,right,left,i_inn,1
assis-proche,1,right,right,i_inn,1
assis-proche,2,left,left,i_inn,-1.5
assis-proche,2,left,right,i_inn,-1
assis-proche,2,right,left,i_inn,-3
assis-proche,2,right,right,i_inn,-3
assis-proche,3,left,left,i_inn,-1
assis-proche,3,left,right,i_inn,-1
assis-proche,3,right,left,i_inn,0
assis-proche,3,right,right,i_inn,0
assis-proche,4,left,left,i_inn,0
assis-proche,4,left,right,i_inn,0
assis-proche,4,right,left,i_inn,-1
assis-proche,4,right,right,i_inn,-1.5
assis-loin,1,left,left,i_inn,-2.5
assis-loin,1,left,right,i_inn,-3
assis-loin,1,right,left,i_inn,-1
assis-loin,1,right,right,i_inn,-2
assis-loin,2,left,left,i_inn,0
assis-loin,2,left,right,i_inn,0
assis-loin,2,right,left,i_inn,-1
assis-loin,2,right,right,i_inn,1
assis-loin,3,left,left,i_inn,-3
assis-loin,3,left,right,i_inn,-2
assis-loin,3,right,left,i_inn,0
assis-loin,3,right,right,i_inn,0
assis-loin,4,left,left,i_inn,-6
assis-loin,4,left,right,i_inn,-6
assis-loin,4,right,left,i_inn,-1
assis-loin,4,right,right,i_inn,0
assis-focus,1,left,left,i_inn,-5
assis-focus,1,left,right,i_inn,-1
assis-focus,1,right,left,i_inn,-1
assis-focus,1,right,right,i_inn,-1
assis-focus,2,left,left,i_inn,-4
assis-focus,2,left,right,i_inn,-3
assis-focus,2,right,left,i_inn,-2
assis-focus,2,right,right,i_inn,-3
assis-focus,3,left,left,i_inn,0
assis-focus,3,left,right,i_inn,0
assis-focus,3,right,left,i_inn,0
assis-focus,3,right,right,i_inn,0
assis-focus,4,left,left,i_inn,-2.5
assis-focus,4,left,right,i_inn,-2
assis-focus,4,right,left,i_inn,-2.5
assis-focus,4,right,right,i_inn,-2
debout,1,left,left,i_inn,1
debout,1,left,right,i_inn,1
debout,1,right,left,i_inn,-2.5
debout,1,right,right,i_inn,-2.5
debout,2,left,left,i_inn,-1
debout,2,left,right,i_inn,-2
debout,2,right,left,i_inn,-2
debout,2,right,right,i_inn,-1.5
debout,3,left,left,i_inn,-2
debout,3,left,right,i_inn,-2
debout,3,right,left,i_inn,-5
debout,3,right,right,i_inn,-4.5
debout,4,left,left,i_inn,0
debout,4,left,right,i_inn,0
debout,4,right,left,i_inn,-2
debout,4,right,right,i_inn,-1
